Exit Trade Id,ticker,size,entry_date,entry_price,Entry Fees,exit_date,exit_price,Exit Fees,pnl,return_pct,Direction,Status,Position Id,exit_reason
211,PNC,26.02890790523327,2022-01-13,192.09411390612817,0.0,2022-01-20,177.22523376464844,0.0,-387.02071185652767,-0.07740414237130554,Long,Closed,211,hard_stop
257,KO,74.92419568509168,2022-01-13,53.38729316243985,0.0,2022-01-21,53.809659651542454,0.0,31.64546948034831,0.007911367370087076,Long,Closed,257,regime_stop
97,KLAC,6.376736600878732,2022-01-14,401.4592667426823,0.0,2022-01-18,418.26111220065565,0.0,107.14094289416698,0.041851930818033976,Long,Closed,97,trailing_sma
342,COP,22.693125315732157,2022-01-14,72.19807660711099,0.0,2022-01-21,72.7168163660328,0.0,11.771826355465237,0.007184952609536888,Long,Closed,342,regime_stop
336,CVX,19.162947897884674,2022-01-14,106.87290968557458,0.0,2022-01-21,107.60835481447421,0.0,14.093296686856775,0.0068814925228792845,Long,Closed,336,regime_stop
86,AMAT,21.3148146874358,2022-01-14,150.130322356791,0.0,2022-01-18,147.99393798828126,0.0,-45.536636915919644,-0.014230199036224888,Long,Closed,86,trailing_sma
329,XOM,31.534541655716477,2022-01-18,62.78932830462072,0.0,2022-01-21,63.03668592987565,0.0,7.800309337460931,0.003939485131213519,Long,Closed,329,regime_stop
117,ABBV,21.12067216476767,2022-01-18,117.18570516540547,0.0,2022-01-21,114.95196070300732,0.0,-47.17818449017659,-0.019061578024770716,Long,Closed,117,regime_stop
118,ABBV,41.9941324546901,2022-01-28,117.60079262565586,0.0,2022-02-11,123.41830288171919,0.0,244.30129624964138,0.04946829120940953,Long,Closed,118,regime_stop
330,XOM,61.11757206865883,2022-01-28,64.64318650289874,0.0,2022-02-11,68.4734176942598,0.0,234.09443087763384,0.05925189333278446,Long,Closed,330,regime_stop
376,SO,54.28725084232385,2022-01-28,58.221177879333496,0.0,2022-02-10,57.991932856462896,0.0,-12.445082060930417,-0.003937485142360405,Long,Closed,376,trailing_sma
276,MO,70.49256719035236,2022-01-31,35.86951434849721,0.0,2022-02-11,35.926665936056914,0.0,4.028762126087713,0.0015933192460995235,Long,Closed,276,regime_stop
343,COP,21.598667071550405,2022-02-01,74.92415392251127,0.0,2022-02-11,79.04727732275083,0.0,89.05396961669317,0.05503063010232742,Long,Closed,343,regime_stop
296,UPS,10.963714373545137,2022-02-01,184.50200829003472,0.0,2022-02-11,180.42663258050203,0.0,-44.6812552442002,-0.022088516798832062,Long,Closed,296,regime_stop
320,RTX,15.742932487218638,2022-02-02,82.23432870610361,0.0,2022-02-11,86.6554977946168,0.0,69.60216647504126,0.05376305927314089,Long,Closed,320,regime_stop
337,CVX,9.143358204409006,2022-02-02,113.27212221239787,0.0,2022-02-11,115.27299765679662,0.0,18.2947209105439,0.01766432380111051,Long,Closed,337,regime_stop
255,PG,5.66130214311909,2022-02-03,146.35326810392587,0.0,2022-02-10,143.5983772222895,0.0,-15.596269652267097,-0.018823569280872445,Long,Closed,255,trailing_sma
258,KO,12.334193691692132,2022-02-03,53.74003950836735,0.0,2022-02-11,54.41752011087154,0.0,8.356176973650918,0.012606626431651618,Long,Closed,258,regime_stop
198,AXP,3.0107501959507594,2022-02-07,176.12621789396206,0.0,2022-02-11,185.23915849506054,0.0,27.436787700444825,0.05174096571235617,Long,Closed,198,regime_stop
289,DE,0.9541645645926803,2022-02-08,355.6767054833084,0.0,2022-02-11,372.19042090855316,0.0,15.756802088536062,0.04642900468504171,Long,Closed,289,regime_stop
171,BAC,9.604302550716245,2022-02-08,44.169541076922215,0.0,2022-02-11,43.65854228009762,0.0,-4.9077870477553915,-0.01156903115508218,Long,Closed,171,regime_stop
189,MS,2.903237208327386,2022-02-09,93.5160538311674,0.0,2022-02-11,93.48373383339174,0.0,-0.09383262011533589,-0.0003456090847674527,Long,Closed,189,regime_stop
119,ABBV,40.85960697009312,2022-02-15,123.96554482974737,0.0,2022-02-17,125.09431018376381,0.0,46.12090872656972,0.00910547648999301,Long,Closed,119,regime_stop
199,AXP,21.940925200099066,2022-02-15,184.68440663765867,0.0,2022-02-17,185.42870708195744,0.0,16.330640374759696,0.004030120668276255,Long,Closed,199,regime_stop
348,SLB,87.40724865388691,2022-02-16,37.08751220583218,0.0,2022-02-17,37.433064830663675,0.0,30.2038042016502,0.009317223083438854,Long,Closed,348,regime_stop
290,DE,6.756897341736305,2022-03-18,385.21553571106415,0.0,2022-04-11,394.1683931732999,0.0,60.49353878752436,0.023241164055623376,Long,Closed,290,regime_stop
114,LLY,18.406320044206073,2022-03-18,276.1939647918803,0.0,2022-04-11,302.2220037121028,0.0,479.08041448866607,0.0942382609259231,Long,Closed,114,regime_stop
143,BMY,55.1295146964893,2022-03-18,59.01697674039585,0.0,2022-04-11,65.5610046467757,0.0,360.76908263900395,0.11088382136492264,Long,Closed,143,regime_stop
120,ABBV,29.76533500677217,2022-03-18,136.63449805838616,0.0,2022-04-11,151.09800744626793,0.0,430.51120230389506,0.10585547276428879,Long,Closed,120,regime_stop
344,COP,23.889110388520677,2022-03-21,87.16479724560551,0.0,2022-04-11,87.96810350429342,0.0,19.190271889584892,0.00921594822763617,Long,Closed,344,regime_stop
371,DUK,18.235635279493692,2022-03-23,91.35034481567487,0.0,2022-04-11,98.76985280465239,0.0,135.2994416402837,0.08122036106101702,Long,Closed,371,regime_stop
149,AMGN,5.057741239488696,2022-03-28,210.79216092224303,0.0,2022-04-11,223.61384172259508,0.0,64.84874374350102,0.06082617467488137,Long,Closed,149,regime_stop
110,JNJ,8.46819444769301,2022-03-28,157.37301083523957,0.0,2022-04-11,162.86712816708547,0.0,46.52525388451136,0.03491143305123595,Long,Closed,110,regime_stop
377,SO,13.887495726351997,2022-03-29,61.41537545804425,0.0,2022-04-11,66.09813920676102,0.0,65.03186154782009,0.07624741709697402,Long,Closed,377,regime_stop
259,KO,12.319315990925281,2022-04-01,55.386566256384015,0.0,2022-04-11,56.73379226862595,0.0,16.59690295600251,0.02432405731753853,Long,Closed,259,regime_stop
82,HPQ,16.28810330144719,2022-04-07,33.51278408476646,0.0,2022-04-11,32.97318948897262,0.0,-8.788972517192633,-0.016101156932500665,Long,Closed,82,regime_stop
115,LLY,15.214417030956405,2022-11-30,356.0850243218088,0.0,2022-12-05,364.1967672588618,0.0,123.41543989223919,0.022780354081170406,Long,Closed,115,regime_stop
121,ABBV,30.694242864358525,2022-11-30,141.20240287278318,0.0,2022-12-05,144.70352617614537,0.0,107.46432897146406,0.024795068866615064,Long,Closed,121,regime_stop
144,BMY,50.733903954250295,2022-11-30,68.3424772628026,0.0,2022-12-05,69.28436995674488,0.0,47.78589346967783,0.013781951308559534,Long,Closed,144,regime_stop
156,GILD,36.42942865007146,2022-11-30,76.14241136202416,0.0,2022-12-05,77.9111906543425,0.0,64.43561902723513,0.023229882803534666,Long,Closed,156,regime_stop
356,APD,8.053439296701574,2022-11-30,275.5418588024441,0.0,2022-12-05,288.7653956933222,0.0,106.49495163838083,0.04799102738273619,Long,Closed,356,regime_stop
291,DE,4.226275909382212,2022-12-01,420.0501209378309,0.0,2022-12-05,420.33554658275494,0.0,1.2062875270623863,0.0006795037798984287,Long,Closed,291,regime_stop
299,BA,14.748455980020427,2022-12-13,191.20555561065672,0.0,2022-12-14,187.23633683013918,0.0,-58.539848459533005,-0.020758909268305266,Long,Closed,299,regime_stop
98,KLAC,10.9258136187714,2022-12-13,403.2861445231069,0.0,2022-12-14,395.8170876456522,0.0,-81.6055233510724,-0.01852048967932425,Long,Closed,98,regime_stop
74,IBM,41.07899882111333,2022-12-13,134.0779162267371,0.0,2022-12-14,134.0329990624607,0.0,-1.845152138357662,-0.0003350079233065742,Long,Closed,74,regime_stop
357,APD,7.516895367306888,2022-12-13,300.1224928391624,0.0,2022-12-14,296.9233584010229,0.0,-24.04755883744292,-0.010659429114678058,Long,Closed,357,regime_stop
227,HD,11.116234517673869,2022-12-13,317.10228805172056,0.0,2022-12-14,304.07164346807764,0.0,-144.85170110823128,-0.04109287467997569,Long,Closed,227,regime_stop
306,GE,37.46460394945269,2023-01-11,59.536764033594736,0.0,2023-01-18,63.49367521011784,0.0,148.24411009160121,0.06646164333503832,Long,Closed,306,regime_stop
99,KLAC,10.864943960827798,2023-01-11,400.96726687003644,0.0,2023-01-18,409.2316748787264,0.0,89.79232988383228,0.020611178745841632,Long,Closed,99,regime_stop
283,CAT,11.689988632465122,2023-01-11,238.50764049890762,0.0,2023-01-18,243.75489207495934,0.0,61.340311275729164,0.022000350031032824,Long,Closed,283,regime_stop
65,ORCL,64.8078125866316,2023-01-11,84.02703915607616,0.0,2023-01-18,85.1248161925045,0.0,71.14452843875642,0.013064568827532807,Long,Closed,65,regime_stop
163,JPM,27.063578634779816,2023-01-11,128.77785139828163,0.0,2023-01-18,128.6676505264041,0.0,-2.9824299616789176,-0.0008557439861044597,Long,Closed,163,regime_stop
300,BA,8.509997374489847,2023-01-12,209.68479183197022,0.0,2023-01-18,212.79354389953613,0.0,26.455471932926002,0.014825834722706634,Long,Closed,300,regime_stop
388,NFLX,42.91188608307616,2023-01-12,33.266625,0.0,2023-01-18,32.65866173744202,0.0,-26.08885026558346,-0.018275471664407867,Long,Closed,388,regime_stop
190,MS,13.245473222280856,2023-01-17,86.22016584304981,0.0,2023-01-18,86.94234259692784,0.0,9.565572855245136,0.008375961085398943,Long,Closed,190,regime_stop
349,SLB,17.029471511421573,2023-01-17,53.64943461122817,0.0,2023-01-18,54.323942523462456,0.0,11.486513275622201,0.012572507373509558,Long,Closed,349,regime_stop
389,NFLX,163.91934610217962,2023-01-20,33.69584035491943,0.0,2023-02-23,33.1064395980835,0.0,-96.61418665267593,-0.017491795741781623,Long,Closed,389,trailing_sma
132,ABT,26.665247443184583,2023-01-23,106.05492658954584,0.0,2023-02-09,104.30924644174328,0.0,-46.54899309781058,-0.016460151394557164,Long,Closed,132,trailing_sma
191,MS,26.24783326804554,2023-01-23,86.1931979283589,0.0,2023-03-09,86.33981315537845,0.0,3.8483320333657502,0.0017010069302848044,Long,Closed,191,trailing_sma
100,KLAC,8.938759698330715,2023-01-23,395.4660595427926,0.0,2023-01-30,379.6880822753906,0.0,-141.03554731903068,-0.03989717167041649,Long,Closed,100,trailing_sma
87,AMAT,41.85829985883792,2023-01-23,105.56377370258862,0.0,2023-03-10,115.25991467596394,0.0,405.8639763371084,0.0918510264770645,Long,Closed,87,regime_stop
307,GE,18.912123626455465,2023-01-24,61.24859286917969,0.0,2023-03-10,72.15809477473489,0.0,206.3218487409115,0.17811840884012978,Long,Closed,307,regime_stop
66,ORCL,21.133222086983057,2023-01-24,85.64277340204443,0.0,2023-03-09,84.8654136633255,0.0,-16.428115999826105,-0.009076769794336966,Long,Closed,66,trailing_sma
284,CAT,6.008749733077187,2023-01-24,240.96963006960644,0.0,2023-02-21,232.75145933958498,0.0,-49.3809311803991,-0.03410459122026101,Long,Closed,284,trailing_sma
29,AVGO,16.442076224625453,2023-01-26,56.359838962600435,0.0,2023-02-22,55.52534346869807,0.0,-13.720838519849167,-0.014806562780566584,Long,Closed,29,trailing_sma
246,SBUX,5.900266386654805,2023-01-27,100.51589755490483,0.0,2023-02-23,97.92094279174977,0.0,-15.310924363933623,-0.025816361653017365,Long,Closed,246,trailing_sma
8,NVDA,38.1127099155156,2023-01-27,19.451207122974907,0.0,2023-03-10,23.37660219769887,0.0,149.60744378674815,0.20180727344615346,Long,Closed,8,regime_stop
200,AXP,6.932897432384858,2023-01-31,166.3438085068216,0.0,2023-03-10,164.17850874834002,0.0,-15.01180113592045,-0.013017014446875405,Long,Closed,200,regime_stop
301,BA,3.477948537521381,2023-02-01,212.21605561065672,0.0,2023-02-24,199.9,0.0,-42.83460759911554,-0.05803545624866592,Long,Closed,301,trailing_sma
103,LRCX,19.10294785581984,2023-02-01,48.29598328359435,0.0,2023-02-21,47.22152053833008,0.0,-20.52540579580443,-0.02224745563114472,Long,Closed,103,signal_exit_other
228,HD,1.9229206644285362,2023-02-02,307.0647828183739,0.0,2023-02-08,297.0891720026579,0.0,-19.182308177837058,-0.032486990934471514,Long,Closed,228,trailing_sma
238,LOW,2.317467182485754,2023-02-02,203.82984342979933,0.0,2023-02-21,192.20982360839844,0.0,-26.92901459593054,-0.05700843225836516,Long,Closed,238,trailing_sma
277,MO,28.53280159583028,2023-02-13,36.744983833681715,0.0,2023-03-10,36.19733863292427,0.0,-15.625851858120768,-0.014903944528489704,Long,Closed,277,regime_stop
249,GM,20.16355557897823,2023-02-17,41.59731964977419,0.0,2023-02-23,38.401629791259765,0.0,-64.43647007533275,-0.07682441766489577,Long,Closed,249,hard_stop
352,LIN,8.625197192610905,2023-03-02,335.9484411144719,0.0,2023-03-10,331.58979596402344,0.0,-37.59417391523493,-0.01297414905688833,Long,Closed,352,regime_stop
30,AVGO,39.31316046921419,2023-03-03,58.96491692000508,0.0,2023-03-10,59.906340219579576,0.0,37.01032524562925,0.01596582084312406,Long,Closed,30,regime_stop
24,META,29.856721992016034,2023-03-14,186.2124941244364,0.0,2023-03-15,191.35189845732648,0.0,153.4457663716612,0.027599675075806983,Long,Closed,24,regime_stop
25,META,28.40431026128118,2023-03-16,196.81463025729514,0.0,2023-08-16,297.7135896309523,0.0,2865.965347089763,0.5126598527850916,Long,Closed,25,trailing_sma
56,CRM,15.836595536062555,2023-03-16,180.73812078090563,0.0,2023-08-03,212.96519743948411,0.0,510.3671783515897,0.17830813178391283,Long,Closed,56,trailing_sma
31,AVGO,75.34073938400367,2023-03-16,59.361072030832744,0.0,2023-04-26,59.547993991722564,0.0,14.082838740547231,0.003148897998215663,Long,Closed,31,trailing_sma
308,GE,32.58819144109266,2023-03-16,70.26536644549071,0.0,2023-09-07,88.17813019394893,0.0,583.744574273821,0.25493019754410984,Long,Closed,308,trailing_sma
41,AMD,39.857975573793006,2023-03-16,89.76486122131347,0.0,2023-04-19,88.51000213623047,0.0,-50.016142761790434,-0.013979402051200965,Long,Closed,41,signal_exit_other
9,NVDA,70.53199543119486,2023-03-17,25.971999792779876,0.0,2023-08-09,44.21730163099119,0.0,1286.8775458934913,0.7024989212915149,Long,Closed,9,trailing_sma
88,AMAT,12.22068129164859,2023-03-20,119.91848421578294,0.0,2023-04-05,116.4773763141914,0.0,-42.05268295552378,-0.028695391908052776,Long,Closed,88,trailing_sma
5,MSFT,3.461414704515475,2023-03-24,270.96168736639146,0.0,2023-07-27,333.1636957844705,0.0,215.30694658873426,0.22956016041474597,Long,Closed,5,trailing_sma
0,AAPL,7.483183831491787,2023-03-24,156.6697394669272,0.0,2023-08-04,183.03210742980386,0.0,197.27444569963563,0.1682671334782025,Long,Closed,0,trailing_sma
67,ORCL,8.803652953577142,2023-03-27,85.22923599611055,0.0,2023-08-04,111.67056364530403,0.0,232.7802722553231,0.31023776454361424,Long,Closed,67,trailing_sma
360,ECL,3.7839396184224063,2023-03-31,158.63437387959326,0.0,2023-05-30,161.92388701413884,0.0,12.447319075127893,0.020736446043165824,Long,Closed,360,trailing_sma
353,LIN,2.218561704862088,2023-04-13,344.7715205674114,0.0,2023-05-23,349.9550353317228,0.0,11.499947352688537,0.015034637303512165,Long,Closed,353,trailing_sma
83,HPQ,22.448701917822177,2023-04-17,27.258480967246445,0.0,2023-05-12,26.03377377887108,0.0,-27.4930866084527,-0.04492939976541482,Long,Closed,83,trailing_sma
316,LMT,1.0628725377538042,2023-04-18,460.5764038344809,0.0,2023-04-25,443.2421017038085,0.0,-18.424153695818973,-0.037636105511175764,Long,Closed,316,trailing_sma
297,UPS,6.608566993889452,2023-04-19,166.02587377708628,0.0,2023-04-25,154.04264038085938,0.0,-79.19200070237889,-0.07217690305497877,Long,Closed,297,hard_stop
256,PG,4.859818169746679,2023-04-21,144.49174137816445,0.0,2023-05-22,142.0741659143918,0.0,-11.74897716557598,-0.016731582308537208,Long,Closed,256,trailing_sma
262,PEP,3.3402779982790674,2023-04-21,168.1784786750615,0.0,2023-05-24,168.26330005647512,0.0,0.283326994119534,0.0005043533636518288,Long,Closed,262,trailing_sma
116,LLY,2.372954243993001,2023-04-21,369.89945755671977,0.0,2023-07-11,441.0489551711315,0.0,168.83450232208827,0.19234820749501047,Long,Closed,116,trailing_sma
234,MCD,1.315086741801301,2023-04-24,273.38747074056346,0.0,2023-05-24,267.16373922808583,0.0,-8.184746796590275,-0.022765240468476895,Long,Closed,234,trailing_sma
122,ABBV,3.0513898562873822,2023-04-24,147.28052423582443,0.0,2023-04-27,136.68828125000002,0.0,-32.321062802275776,-0.07191883000677124,Long,Closed,122,trailing_sma
127,MRK,2.711618095917421,2023-04-25,106.0704643288249,0.0,2023-05-25,103.4844747626022,0.0,-7.012216103623075,-0.024379921239959506,Long,Closed,127,trailing_sma
278,MO,41.48771044997406,2023-04-27,36.362963285530334,0.0,2023-05-15,36.1526929418176,0.0,-8.723635136170515,-0.005782541484907184,Long,Closed,278,trailing_sma
378,SO,18.189395297264557,2023-05-05,66.35145664770926,0.0,2023-05-24,64.43668955589392,0.0,-34.82845553522293,-0.028857951106962605,Long,Closed,378,trailing_sma
265,WMT,19.736199402473353,2023-05-08,48.92098418354031,0.0,2023-05-24,47.98039472130622,0.0,-18.563661182517194,-0.019226707678349535,Long,Closed,265,trailing_sma
17,GOOGL,7.209467742529568,2023-05-10,107.1384832603833,0.0,2023-07-10,117.2715982955408,0.0,73.05436597730943,0.09457960134203656,Long,Closed,17,trailing_sma
272,CL,8.0975230327466,2023-05-11,76.3108852843641,0.0,2023-05-24,72.36525714844174,0.0,-31.949814709284396,-0.05170465682870035,Long,Closed,272,trailing_sma
104,LRCX,11.86516480793867,2023-05-15,51.514514661790386,0.0,2023-09-11,65.5888163528691,0.0,166.99390912129888,0.2732104103762037,Long,Closed,104,trailing_sma
42,AMD,8.096999466858316,2023-05-16,97.43869438934325,0.0,2023-07-20,114.90251908493043,0.0,141.40457924947646,0.17922884542978001,Long,Closed,42,trailing_sma
32,AVGO,10.140880577402507,2023-05-17,62.24004319940175,0.0,2023-08-09,85.23677096121618,0.0,233.20706990359702,0.36948444409234404,Long,Closed,32,trailing_sma
89,AMAT,4.116605895937103,2023-05-18,122.65810450117463,0.0,2023-07-20,134.57884272922396,0.0,49.07298127351072,0.09718671486510033,Long,Closed,89,trailing_sma
101,KLAC,3.479123064802704,2023-05-25,408.4348675062344,0.0,2023-07-20,447.5316152174652,0.0,136.02239672091514,0.09572333515486149,Long,Closed,101,trailing_sma
59,ADBE,3.005449799854109,2023-05-26,396.91836122131343,0.0,2023-09-21,519.2202404785156,0.0,367.57215853533967,0.3081285503670846,Long,Closed,59,trailing_sma
216,AMZN,8.220076103824569,2023-05-26,116.0980209159851,0.0,2023-09-20,138.48072805023193,0.0,183.987556053126,0.19279146153959142,Long,Closed,216,trailing_sma
390,NFLX,22.597334235572802,2023-05-31,39.2085936756134,0.0,2023-07-27,42.668653627395635,0.0,78.18813120554307,0.08824748932360435,Long,Closed,390,trailing_sma
46,INTC,21.406391079097446,2023-06-13,33.111968959952634,0.0,2023-08-16,33.93517181997281,0.0,17.621802359023377,0.02486118723461598,Long,Closed,46,trailing_sma
361,ECL,3.1837439691563674,2023-06-16,178.10672310901992,0.0,2023-08-15,178.2492674664512,0.0,0.45382473830909476,0.0008003311438391016,Long,Closed,361,trailing_sma
239,LOW,2.1847637464880925,2023-06-27,207.6366221202804,0.0,2023-08-09,209.9219599366261,0.0,4.992923209630305,0.011006429371702178,Long,Closed,239,trailing_sma
222,TSLA,1.311903577956304,2023-07-03,276.6282352294922,0.0,2023-07-24,255.85000610351562,0.0,-27.25903313396452,-0.07511246676876214,Long,Closed,222,hard_stop
84,HPQ,15.797795253883567,2023-07-11,29.08132501219911,0.0,2023-08-16,28.381196651309615,0.0,-11.060484496769334,-0.024074843928046697,Long,Closed,84,trailing_sma
164,JPM,4.1898342981657715,2023-07-11,137.6795385088213,0.0,2023-08-22,140.2863641159443,0.0,10.922167338060717,0.018934008897451147,Long,Closed,164,trailing_sma
60,NOW,3.9969924567866832,2023-07-14,115.45770152664184,0.0,2023-08-04,112.82355725479127,0.0,-10.528654784674586,-0.022814799160389865,Long,Closed,60,trailing_sma
285,CAT,1.4957219415056031,2023-07-18,246.82853103853435,0.0,2023-09-21,265.6742351264229,0.0,28.18793310737675,0.07635140074202526,Long,Closed,285,trailing_sma
397,CMCSA,26.428142776080087,2023-07-25,36.73197345843439,0.0,2023-09-25,38.45601806484607,0.0,45.56329701057871,0.04693580126759583,Long,Closed,397,trailing_sma
18,GOOGL,6.017018387478945,2023-07-26,129.06828950721206,0.0,2023-09-21,130.2973949320577,0.0,7.3955499414463475,0.009522907830718266,Long,Closed,18,trailing_sma
102,KLAC,1.71159564632157,2023-07-28,488.3247408624636,0.0,2023-08-16,473.8828544978524,0.0,-24.71866982633935,-0.029574349108555067,Long,Closed,102,trailing_sma
90,AMAT,7.145745126782823,2023-07-28,146.2084229184515,0.0,2023-08-11,136.5567303466797,0.0,-68.9685351599444,-0.0660132458795147,Long,Closed,90,trailing_sma
75,IBM,5.081955704567236,2023-07-31,131.57367738567913,0.0,2023-09-26,134.52642970082076,0.0,15.005756472108146,0.02244181643176465,Long,Closed,75,trailing_sma
302,BA,2.237139382498026,2023-07-31,239.1095004959106,0.0,2023-08-24,219.74200561523438,0.0,-43.32778553788967,-0.08099843310495079,Long,Closed,302,hard_stop
350,SLB,31.41797857603525,2023-08-08,52.938195866788334,0.0,2023-09-29,56.79925276608087,0.0,121.30660294282598,0.07293518103654972,Long,Closed,350,trailing_sma
345,COP,44.88900405222492,2023-08-28,107.64101308039204,0.0,2023-10-02,111.56178789043484,0.0,175.99967633587312,0.036424543933961,Long,Closed,345,trailing_sma
10,NVDA,82.85704730970066,2023-08-29,46.652860841548325,0.0,2023-09-11,46.09269266477362,0.0,-46.41388112441018,-0.012007155974362542,Long,Closed,10,trailing_sma
91,AMAT,16.903173195744404,2023-08-31,146.3590109380597,0.0,2023-09-12,142.90504503583645,0.0,-58.38298385747521,-0.023599270588710097,Long,Closed,91,trailing_sma
33,AVGO,35.6269194061011,2023-08-31,86.79994481294574,0.0,2023-09-01,87.08592193491418,0.0,10.188483876358077,0.0032946693985199424,Long,Closed,33,trailing_sma
229,HD,8.3284991682276,2023-09-01,312.14099208520145,0.0,2023-09-15,307.4334043513696,0.0,-39.20714052557696,-0.015081606880223117,Long,Closed,229,trailing_sma
47,INTC,57.77637153921376,2023-09-05,35.99625139057966,0.0,2023-09-20,35.60637249311789,0.0,-22.525788035050027,-0.010831097194853985,Long,Closed,47,trailing_sma
68,ORCL,18.507566835779663,2023-09-08,120.95049624226607,0.0,2023-09-12,108.56856585078765,0.0,-229.15940427625833,-0.10237188582242099,Long,Closed,68,hard_stop
61,NOW,21.154463881244737,2023-09-11,120.76034694671631,0.0,2023-09-19,115.81206774520875,0.0,-104.67819364260595,-0.04097602670594264,Long,Closed,61,trailing_sma
331,XOM,28.56135800907317,2023-09-14,107.98920987793059,0.0,2023-10-04,104.66914328848175,0.0,-94.82561047521085,-0.030744428940648733,Long,Closed,331,trailing_sma
150,AMGN,14.226792929116751,2023-09-19,243.87330413465315,0.0,2023-10-25,254.6935071101369,0.0,153.93678718322008,0.044368132108094246,Long,Closed,150,regime_stop
338,CVX,28.280209624360097,2023-09-27,152.15951278753343,0.0,2023-10-06,147.4661345448711,0.0,-132.72972054890124,-0.030845118761755483,Long,Closed,338,trailing_sma
113,UNH,10.995425483996515,2023-10-06,491.0100084870599,0.0,2023-10-25,500.79602564281015,0.0,107.60142242116308,0.019930382245982512,Long,Closed,113,regime_stop
19,GOOGL,37.92288506616955,2023-10-09,135.8853842123537,0.0,2023-10-25,126.30251220703126,0.0,-363.4101536616563,-0.07052172726940877,Long,Closed,19,regime_stop
26,META,12.856592305070311,2023-10-11,320.6551587157416,0.0,2023-10-25,299.2460595703125,0.0,-275.2480593316109,-0.06676673854609053,Long,Closed,26,regime_stop
346,COP,28.623424576449253,2023-10-13,115.22122756807613,0.0,2023-10-25,110.90302687186515,0.0,-123.60169193396587,-0.037477475178431564,Long,Closed,346,regime_stop
266,WMT,127.96121309660673,2023-11-02,53.34976978730812,0.0,2023-11-16,51.47104733503372,0.0,-240.40360406486434,-0.03521519323821617,Long,Closed,266,trailing_sma
62,NOW,45.444668608049426,2023-11-03,120.17605531311034,0.0,2024-03-05,153.169379196167,0.0,1499.3706701435522,0.2745415781629281,Long,Closed,62,trailing_sma
354,LIN,11.557612270645805,2023-11-03,378.02694054361126,0.0,2024-01-22,390.2556833364839,0.0,141.33506775747628,0.032348865864658835,Long,Closed,354,trailing_sma
6,MSFT,9.907951329740202,2023-11-07,352.7743454731804,0.0,2024-04-15,419.94114964089914,0.0,665.485426667949,0.19039594298623713,Long,Closed,6,trailing_sma
48,INTC,74.06512001880824,2023-11-07,37.753490921952256,0.0,2024-01-26,43.57432405730202,0.0,431.1207047791363,0.1541799974837603,Long,Closed,48,trailing_sma
76,IBM,10.37477525718742,2023-11-10,137.9946056349535,0.0,2024-04-04,181.15703035942025,0.0,447.80045607161196,0.3127834202348983,Long,Closed,76,trailing_sma
34,AVGO,19.977680969968343,2023-11-10,89.57890447338542,0.0,2024-03-19,118.69380381286938,0.0,581.6481704769524,0.3250195959712167,Long,Closed,34,trailing_sma
27,META,7.043200702358372,2023-11-10,317.60751447302476,0.0,2023-12-06,319.2635962173429,0.0,11.664116104744608,0.005214239804955322,Long,Closed,27,trailing_sma
217,AMZN,6.315906411668544,2023-11-14,145.0725,0.0,2024-04-19,178.6506354904175,0.0,212.07636123580312,0.231457619400076,Long,Closed,217,trailing_sma
92,AMAT,7.640370794201879,2023-11-14,149.9050827484248,0.0,2024-01-04,146.9093742171084,0.0,-22.88832397061128,-0.01998403574042846,Long,Closed,92,trailing_sma
391,NFLX,42.9791602619711,2023-11-22,47.70384030532836,0.0,2024-04-19,56.759604200363164,0.0,389.2091277392724,0.18983301631636776,Long,Closed,391,trailing_sma
105,LRCX,23.465799569885654,2023-11-27,69.89818493891363,0.0,2024-04-17,93.23209564128615,0.0,547.5488717234837,0.33382713331919595,Long,Closed,105,trailing_sma
57,CRM,5.3433960922224095,2023-11-30,245.56918779991148,0.0,2024-04-04,304.0445279543596,0.0,312.4569040726542,0.2381216498630664,Long,Closed,57,trailing_sma
309,GE,10.958555020728358,2023-12-01,95.7917123911517,0.0,2024-06-13,158.6050988522321,0.0,688.3439515720231,0.6557288192593419,Long,Closed,309,trailing_sma
165,JPM,5.679260785862081,2023-12-04,147.86977254243172,0.0,2024-04-12,180.45006340581563,0.0,185.03196829239687,0.22033097301231652,Long,Closed,165,trailing_sma
52,QCOM,5.457909895487271,2023-12-05,123.09342099017604,0.0,2024-04-18,155.44879272959716,0.0,176.59270358875563,0.26285216122154365,Long,Closed,52,trailing_sma
208,USB,27.684904621776216,2023-12-08,35.658196078447716,0.0,2024-02-01,37.65434562054221,0.0,55.263209683688274,0.055980104481532955,Long,Closed,208,trailing_sma
43,AMD,6.045958490585872,2023-12-11,130.62527755737304,0.0,2024-03-25,172.81354389953614,0.0,255.06850709449918,0.3229716876477697,Long,Closed,43,trailing_sma
1,AAPL,3.270533910297863,2023-12-13,193.18069222800608,0.0,2024-01-02,185.13316431856595,0.0,-26.31971292189246,-0.04165803433368931,Long,Closed,1,trailing_sma
362,ECL,2.658992123856733,2023-12-13,190.08826662641152,0.0,2024-02-05,192.04266501282353,0.0,5.196729916347863,0.010281530896660125,Long,Closed,362,trailing_sma
230,HD,1.226844050154133,2023-12-15,329.5892114299001,0.0,2024-04-02,346.71468089212465,0.0,21.010280315826492,0.051960042587337385,Long,Closed,230,trailing_sma
28,META,0.9655661932822576,2023-12-18,335.019652387157,0.0,2024-04-19,499.1645776536321,0.0,158.49279063615103,0.48995610883383395,Long,Closed,28,trailing_sma
382,AMT,1.3098978648275879,2023-12-21,197.56267056609954,0.0,2024-01-18,191.70007026762596,0.0,-7.679407613308115,-0.029674635808853857,Long,Closed,382,trailing_sma
201,AXP,1.1443340709949452,2023-12-26,180.9170429534912,0.0,2024-04-17,214.745025495674,0.0,38.71051297604197,0.18698062929803155,Long,Closed,201,trailing_sma
186,GS,0.456247763028165,2023-12-27,363.01247357577626,0.0,2024-04-12,376.3715578502146,0.0,6.095052316317236,0.03680062049341603,Long,Closed,186,trailing_sma
212,PNC,1.787155454134401,2024-01-02,141.89910619944698,0.0,2024-02-01,140.94311915863554,0.0,-1.7084974540679525,-0.006737089939578177,Long,Closed,212,trailing_sma
400,VZ,6.039129239688611,2024-01-03,33.593685647861925,0.0,2024-03-06,34.83393957435097,0.0,7.490053752098618,0.03691925737145141,Long,Closed,400,trailing_sma
172,BAC,12.068315159689526,2024-01-05,32.0500169846785,0.0,2024-02-13,31.373832585330945,0.0,-8.160406437391657,-0.021097785990903062,Long,Closed,172,trailing_sma
151,AMGN,1.09885913592634,2024-01-08,281.5936588767135,0.0,2024-02-09,275.13486997452185,0.0,-7.097299192192963,-0.022936556625443864,Long,Closed,151,trailing_sma
11,NVDA,4.724584223184388,2024-01-09,52.39517384952764,0.0,2024-04-19,83.0615538294169,0.0,144.88589503516235,0.5852901656163838,Long,Closed,11,trailing_sma
157,GILD,2.5501513696952816,2024-01-09,77.6566958909771,0.0,2024-01-22,73.5801220703125,0.0,-10.395880312431757,-0.052494814180450544,Long,Closed,157,trailing_sma
273,CL,2.0768403110862597,2024-01-09,76.28370013245951,0.0,2024-04-10,83.37427425584232,0.0,14.725990168186513,0.09295005500612422,Long,Closed,273,trailing_sma
133,ABT,1.1704832705573815,2024-01-10,108.28283837903268,0.0,2024-03-18,110.90864118749901,0.0,3.0734582590924333,0.024249482630617682,Long,Closed,133,trailing_sma
93,AMAT,0.9500203041634537,2024-01-19,159.59248716118765,0.0,2024-04-17,202.4556721515093,0.0,40.72089604191976,0.26857896479193305,Long,Closed,93,trailing_sma
286,CAT,3.711414313485294,2024-01-25,285.8494518925272,0.0,2024-04-25,322.12805632050384,0.0,134.6449317472634,0.12691507430847387,Long,Closed,286,trailing_sma
139,MDT,14.889151305554554,2024-01-29,80.28353398253188,0.0,2024-02-13,78.59549560815569,0.0,-25.133458765669502,-0.021025960002501613,Long,Closed,139,trailing_sma
20,GOOGL,9.902596040493655,2024-01-29,150.88892850956867,0.0,2024-01-31,140.07150207519533,0.0,-107.12060417735688,-0.07169131984184879,Long,Closed,20,signal_exit_other
136,DHR,3.96646915877703,2024-01-30,241.09173916866817,0.0,2024-04-02,242.05136817821577,0.0,3.806338870238278,0.003980347949110921,Long,Closed,136,trailing_sma
250,GM,27.91013256986567,2024-01-31,37.34989993460047,0.0,2024-05-22,43.69293352764839,0.0,177.03490847707894,0.16982732495012173,Long,Closed,250,trailing_sma
123,ABBV,6.889077319320385,2024-02-05,158.63102161698149,0.0,2024-04-04,165.75974700406266,0.0,49.110340379804256,0.04493903723506014,Long,Closed,123,trailing_sma
128,MRK,8.276819663938861,2024-02-06,117.96621467137214,0.0,2024-03-12,114.48813612438589,0.0,-28.787428910419635,-0.029483683584112644,Long,Closed,128,trailing_sma
386,DIS,7.438431762042197,2024-02-08,105.00977802927454,0.0,2024-04-17,111.68425603880007,0.0,49.6476492211068,0.06356053821640127,Long,Closed,386,trailing_sma
363,ECL,4.762039093490007,2024-02-13,208.96998811325133,0.0,2024-04-15,218.1231969146923,0.0,43.58793814333876,0.043801547217777494,Long,Closed,363,trailing_sma
244,TGT,5.718659532756903,2024-02-20,139.21070097792054,0.0,2024-04-26,153.11779808967157,0.0,79.52995347109095,0.09989962706930659,Long,Closed,244,trailing_sma
181,WFC,38.097162457652054,2024-03-05,53.25922159470112,0.0,2024-05-29,56.54718195153731,0.0,125.26195986870812,0.06173504340445188,Long,Closed,181,trailing_sma
173,BAC,49.27765194952975,2024-03-11,33.79409206181604,0.0,2024-04-16,34.43761822825199,0.0,31.711458450046166,0.019042564163547274,Long,Closed,173,trailing_sma
355,LIN,2.3132555791211717,2024-03-11,460.73069220104367,0.0,2024-04-12,438.4803963276875,0.0,-51.47062106613794,-0.0482934960704703,Long,Closed,355,trailing_sma
267,WMT,22.682530334576807,2024-03-11,58.733958936988465,0.0,2024-04-18,58.61059861752187,0.0,-2.7981241883840084,-0.0021003235896108145,Long,Closed,267,trailing_sma
240,LOW,4.430631293285502,2024-03-13,235.21474427738843,0.0,2024-04-11,229.93832451582642,0.0,-23.3778705120867,-0.02243235124469724,Long,Closed,240,trailing_sma
69,ORCL,6.712342303834877,2024-03-18,124.20699177300844,0.0,2024-04-17,118.39612938094363,0.0,-39.00449745601975,-0.04678369799571601,Long,Closed,69,trailing_sma
321,RTX,12.8709231379232,2024-03-22,90.68383011006836,0.0,2024-06-24,102.3139751629312,0.0,149.6907030582954,0.12824938071921582,Long,Closed,321,trailing_sma
401,VZ,31.073085705932588,2024-04-02,36.55390334428865,0.0,2024-04-12,35.24889952626766,0.0,-40.55049548393549,-0.03570080616916908,Long,Closed,401,trailing_sma
332,XOM,12.8680337791092,2024-04-02,110.33567666602816,0.0,2024-05-22,110.6872300581759,0.0,4.523800925317573,0.0031862168499845176,Long,Closed,332,trailing_sma
202,AXP,26.032097702893534,2024-04-19,214.25495878447973,0.0,2024-06-11,226.56010067482808,0.0,320.3286559375165,0.05743223848894051,Long,Closed,202,trailing_sma
187,GS,10.33565101350434,2024-04-23,400.5993602886571,0.0,2024-08-05,431.4214807753129,0.0,318.56668084625653,0.07694001424377334,Long,Closed,187,trailing_sma
174,BAC,142.85672513503144,2024-04-23,36.22908879738595,0.0,2024-07-31,39.57059879234124,0.0,477.35717488528826,0.09223279154612335,Long,Closed,174,trailing_sma
339,CVX,22.29668111124273,2024-04-24,148.55861869375323,0.0,2024-05-22,147.7233060826626,0.0,-18.624698917687965,-0.005622781218857578,Long,Closed,339,trailing_sma
379,SO,38.9039292728617,2024-04-24,68.11371929265627,0.0,2024-07-01,73.65225434230788,0.0,215.4707758469117,0.08131306155599621,Long,Closed,379,trailing_sma
317,LMT,5.428070058597544,2024-04-25,434.5970417906821,0.0,2024-05-29,432.2949714234461,0.0,-12.495799233178332,-0.005297022634463196,Long,Closed,317,trailing_sma
21,GOOGL,10.907067413935993,2024-04-26,173.02712823319942,0.0,2024-07-18,180.5554369827528,0.0,82.11177104430294,0.043509412809574086,Long,Closed,21,trailing_sma
274,CL,19.262756511891585,2024-04-26,87.46933761838827,0.0,2024-09-19,99.50587494450532,0.0,231.85688775928747,0.1376086484000843,Long,Closed,274,trailing_sma
367,NEE,21.33123006727029,2024-05-01,63.1900006698513,0.0,2024-06-18,65.65455766175212,0.0,52.57203220813608,0.03900232577583582,Long,Closed,367,trailing_sma
53,QCOM,6.412225287291125,2024-05-02,168.16881901028742,0.0,2024-07-17,192.01172976748464,0.0,152.88611527992566,0.1417796170391057,Long,Closed,53,trailing_sma
192,MS,9.585394978237707,2024-05-06,89.99828228173055,0.0,2024-06-27,91.35355019654641,0.0,12.990778264842561,0.015058819795841467,Long,Closed,192,trailing_sma
364,ECL,3.0600741699297447,2024-05-07,225.52893430112525,0.0,2024-05-29,222.59008526779903,0.0,-8.993096016204618,-0.013030917928261474,Long,Closed,364,trailing_sma
279,MO,14.549094029211115,2024-05-08,37.947944527186564,0.0,2024-10-02,45.79913230461017,0.0,114.22766921472908,0.20689362428573382,Long,Closed,279,trailing_sma
372,DUK,3.7146407994628396,2024-05-09,95.12339832738184,0.0,2024-06-21,94.14039836105206,0.0,-3.6514917807991765,-0.010333944997913428,Long,Closed,372,trailing_sma
218,AMZN,2.337282010703901,2024-05-09,188.9744448852539,0.0,2024-05-23,183.56817366027832,0.0,-12.635980479121542,-0.028608477872541345,Long,Closed,218,trailing_sma
166,JPM,1.480969788067765,2024-05-14,190.87452519687972,0.0,2024-06-11,189.63929263351696,0.0,-1.8293421075777019,-0.0064714375168118095,Long,Closed,166,trailing_sma
94,AMAT,0.8657806173703344,2024-05-15,208.96150324044922,0.0,2024-07-17,227.57632967064464,0.0,16.11635591897621,0.08908256373316567,Long,Closed,94,trailing_sma
35,AVGO,1.671359495087771,2024-05-15,135.30513618843605,0.0,2024-05-31,133.34414791636323,0.0,-3.2775163682846653,-0.014493080804721255,Long,Closed,35,trailing_sma
85,HPQ,4.0097891730592545,2024-05-20,28.875703769791315,0.0,2024-07-30,33.46772087584109,0.0,18.413020474341266,0.15902701948527984,Long,Closed,85,trailing_sma
54,TXN,0.7809759383995499,2024-05-20,185.3217856139303,0.0,2024-07-25,188.23135421455203,0.0,2.27230306820843,0.015700089393068283,Long,Closed,54,trailing_sma
12,NVDA,12.547722800712636,2024-05-23,102.02144356982522,0.0,2024-07-24,119.0530094149669,0.0,213.7073670869229,0.16694103954219183,Long,Closed,12,trailing_sma
268,WMT,17.318823678151652,2024-05-24,64.08746769107441,0.0,2024-08-05,66.94296077414431,0.0,49.45378121986914,0.04455618525660024,Long,Closed,268,trailing_sma
392,NFLX,29.859892370511428,2024-05-29,64.44520851516724,0.0,2024-07-17,64.9675,0.0,15.595567523140971,0.00810442695223561,Long,Closed,392,trailing_sma
318,LMT,3.5578837018080693,2024-06-03,445.2182607285177,0.0,2024-06-12,441.2417461732933,0.0,-14.147976326035405,-0.008931607047558094,Long,Closed,318,trailing_sma
36,AVGO,9.167733123631617,2024-06-10,138.22695510279817,0.0,2024-07-24,157.56028337635712,0.0,177.24279400355,0.13986655684617313,Long,Closed,36,trailing_sma
251,GM,22.56673472965966,2024-06-10,44.92374639239709,0.0,2024-07-23,48.464042926917614,0.0,79.89293275885802,0.07880679637884527,Long,Closed,251,trailing_sma
106,LRCX,20.600870885047804,2024-06-12,99.35321538655886,0.0,2024-07-17,100.20541249261642,0.0,17.55600255050308,0.008577448678856202,Long,Closed,106,trailing_sma
2,AAPL,9.152914690490473,2024-06-13,213.1984880439398,0.0,2024-08-05,197.4632789670495,0.0,-144.02302631780844,-0.07380544403132598,Long,Closed,2,hard_stop
70,ORCL,13.797144233903278,2024-06-18,138.34215013451725,0.0,2024-08-02,130.30119679882708,0.0,-110.94219295060316,-0.05812366894595427,Long,Closed,70,trailing_sma
219,AMZN,11.867951602267613,2024-06-27,195.10749950408933,0.0,2024-07-18,189.4952013397217,0.0,-66.60648299221066,-0.028765158585049785,Long,Closed,219,trailing_sma
152,AMGN,8.069086595223075,2024-07-10,300.59083877759855,0.0,2024-08-07,304.0124841007659,0.0,27.60955241077727,0.011383065888108937,Long,Closed,152,trailing_sma
193,MS,19.55632661467961,2024-07-11,99.22082221746194,0.0,2024-08-02,94.97660980052059,0.0,-83.00120424778379,-0.04277542074423979,Long,Closed,193,trailing_sma
383,AMT,7.80659650422828,2024-07-12,198.84668615428203,0.0,2024-10-04,214.62073212153496,0.0,123.14161210549287,0.07932767838541743,Long,Closed,383,trailing_sma
167,JPM,6.2145048166042,2024-07-15,199.83131603494417,0.0,2024-08-02,196.44232317091917,0.0,-21.06091247692075,-0.016959268103065448,Long,Closed,167,trailing_sma
373,DUK,16.818178550846085,2024-07-17,100.60522413255639,0.0,2024-10-07,107.80863672655018,0.0,121.1482791812009,0.07160078073582589,Long,Closed,373,trailing_sma
319,LMT,7.0295900821880934,2024-07-24,482.479036231123,0.0,2024-10-22,582.4849566911533,0.0,703.0006266259202,0.20727516213186145,Long,Closed,319,trailing_sma
380,SO,34.99943020761941,2024-07-24,77.52423003082173,0.0,2024-10-30,85.97074783160451,0.0,295.6233102659121,0.10895326270799023,Long,Closed,380,trailing_sma
322,RTX,13.18807996061769,2024-07-25,106.76520935676992,0.0,2024-10-30,119.0095872592871,0.0,161.4798348464169,0.11468509242182995,Long,Closed,322,trailing_sma
130,PFE,82.38746201866917,2024-07-25,26.70362553334624,0.0,2024-08-12,25.7986919700763,0.0,-74.55517957332086,-0.03388804123769253,Long,Closed,130,trailing_sma
213,PNC,10.401722672862755,2024-07-25,169.2061212229057,0.0,2024-12-17,190.5315411366757,0.0,221.82110382538053,0.12603220119724112,Long,Closed,213,trailing_sma
137,DHR,3.410735111460051,2024-07-30,270.5017323673984,0.0,2024-09-25,273.139186394182,0.0,8.99565705401244,0.009750229707221827,Long,Closed,137,trailing_sma
124,ABBV,6.602713862346979,2024-07-30,174.66487559713582,0.0,2024-10-08,184.70746851111787,0.0,66.30836744705698,0.05749635053784537,Long,Closed,124,trailing_sma
358,APD,6.7669749201849445,2024-08-01,276.14599700735295,0.0,2024-12-09,310.0498682778552,0.0,229.42664658466765,0.12277516834545857,Long,Closed,358,trailing_sma
260,KO,37.88566543206366,2024-08-02,65.19965678316099,0.0,2024-10-07,67.03562881054054,0.0,69.55702197192932,0.02815922840645574,Long,Closed,260,trailing_sma
269,WMT,60.013179331388585,2024-08-15,72.93358338157593,0.0,2025-02-21,95.37124281749688,0.0,1346.555279504547,0.3076450983976885,Long,Closed,269,trailing_sma
77,IBM,18.774167083499567,2024-08-19,186.5105897605942,0.0,2024-10-25,208.3939454361923,0.0,410.841775801327,0.1173303655502224,Long,Closed,77,trailing_sma
111,JNJ,17.94714071045871,2024-08-26,156.0841821657704,0.0,2024-09-25,155.9919868663256,0.0,-1.654642011978467,-0.0005906767627924668,Long,Closed,111,trailing_sma
168,JPM,8.47812464582607,2024-08-28,211.46297490288026,0.0,2024-09-10,210.62533067013018,0.0,-7.101652214112619,-0.003961186269770397,Long,Closed,168,trailing_sma
158,GILD,30.426973861746156,2024-08-28,73.65214280550714,0.0,2025-01-07,87.87487885180555,0.0,432.7548179232367,0.19310688738352563,Long,Closed,158,trailing_sma
188,GS,2.937771015557823,2024-08-29,488.2094485130293,0.0,2024-09-06,471.7970384405837,0.0,-48.21590260628,-0.03361755927181241,Long,Closed,188,trailing_sma
63,NOW,8.541748895035235,2024-09-09,166.78134704589843,0.0,2025-01-08,212.26981907653808,0.0,388.5511057045576,0.27274316244802355,Long,Closed,63,trailing_sma
368,NEE,14.86184133659023,2024-09-09,76.68521575906635,0.0,2024-10-07,79.89821988526327,0.0,47.75115753734826,0.04189861232563652,Long,Closed,368,trailing_sma
402,VZ,26.139941498783845,2024-09-11,38.83370187452701,0.0,2024-10-22,37.942565978786774,0.0,-23.294240182116027,-0.02294748769044792,Long,Closed,402,trailing_sma
71,ORCL,8.238536583702947,2024-09-11,154.0186604847681,0.0,2024-12-10,170.61735703720709,0.0,136.74896878905247,0.10777068505981796,Long,Closed,71,trailing_sma
310,GE,4.840574316143301,2024-09-13,167.76698447470702,0.0,2024-10-22,182.79835392745815,0.0,72.76046090944806,0.08959670759902874,Long,Closed,310,trailing_sma
153,AMGN,1.6210751860920223,2024-09-16,320.61231976895306,0.0,2024-09-25,313.7685233863901,0.0,-11.09430849443919,-0.02134601810527715,Long,Closed,153,trailing_sma
203,AXP,1.6203971487336595,2024-09-16,256.59718117328197,0.0,2025-01-10,296.18161974271067,0.0,64.14251139212496,0.15426684887351524,Long,Closed,203,trailing_sma
134,ABT,5.710563462004673,2024-09-16,113.76650469584281,0.0,2024-10-28,112.01202017034936,0.0,-10.01909522593553,-0.015421802139250975,Long,Closed,134,trailing_sma
241,LOW,1.0490021536149907,2024-09-19,253.6745774644868,0.0,2024-11-06,259.6272354164606,0.0,6.244351011353956,0.023465725306301855,Long,Closed,241,trailing_sma
231,HD,0.8823011801982817,2024-09-19,377.00445161171746,0.0,2024-11-06,379.7112755781096,0.0,2.3882339801368175,0.007179819640909657,Long,Closed,231,trailing_sma
287,CAT,1.6013968800861549,2024-09-24,372.32221318038665,0.0,2024-11-19,371.3511922981779,0.0,-1.5549898112675464,-0.0026080122212269598,Long,Closed,287,trailing_sma
235,MCD,4.564828186094195,2024-09-25,290.25409811738854,0.0,2024-10-25,290.6108680675523,0.0,1.6285935244588927,0.001229164213279969,Long,Closed,235,trailing_sma
145,BMY,22.31743196491828,2024-09-30,47.49507345821387,0.0,2024-12-30,53.58603559726512,0.0,135.9346331391696,0.12824408292388648,Long,Closed,145,trailing_sma
333,XOM,8.465410759754008,2024-10-03,115.91187489615821,0.0,2024-10-29,112.64227226753945,0.0,-27.678529272429273,-0.028207658892135924,Long,Closed,333,trailing_sma
37,AVGO,13.976055653461998,2024-10-09,176.87770901989302,0.0,2024-10-31,168.73495727539063,0.0,-113.80355155349025,-0.046036053890694616,Long,Closed,37,signal_exit_other
393,NFLX,27.32864787463111,2024-10-10,72.36516688156128,0.0,2024-10-17,70.39978005981446,0.0,-53.71136438895928,-0.027159293710515918,Long,Closed,393,trailing_sma
374,DUK,14.185564726446973,2024-10-16,111.52983767551092,0.0,2024-10-29,109.90245698411331,0.0,-23.08531413239075,-0.014591437818930277,Long,Closed,374,trailing_sma
140,MDT,19.23333173366994,2024-10-18,85.81337689261427,0.0,2024-11-04,85.78478412636449,0.0,-0.5499341584652484,-0.00033319707585401174,Long,Closed,140,trailing_sma
394,NFLX,13.787316309063863,2024-10-21,76.61428439712525,0.0,2025-01-10,86.59667938995362,0.0,137.63043728814023,0.13029417518390277,Long,Closed,394,trailing_sma
13,NVDA,9.557990606367422,2024-10-21,138.14427847314,0.0,2024-12-10,138.89497100681027,0.0,7.175112185090711,0.005434119617311853,Long,Closed,13,trailing_sma
252,GM,17.13946505432312,2024-10-22,49.30400660360438,0.0,2024-12-11,52.5534232223742,0.0,55.693262584342165,0.06590573145291347,Long,Closed,252,trailing_sma
398,T,94.00563733699887,2024-10-23,19.895558190818118,0.0,2024-12-18,21.33547049331518,0.0,135.3598737056218,0.07237355638313214,Long,Closed,398,trailing_sma
223,TSLA,8.896454727838755,2024-10-25,256.1380147705078,0.0,2024-11-04,244.55999755859375,0.0,-103.00330596393178,-0.04520226028255773,Long,Closed,223,signal_exit_other
58,CRM,16.125969761303377,2024-11-06,302.0722694518241,0.0,2025-01-07,327.37345714169385,0.0,408.0061876118998,0.08375872348621803,Long,Closed,58,trailing_sma
220,AMZN,15.579297930075043,2024-11-06,200.10999950408933,0.0,2025-02-18,228.70559732055665,0.0,445.49933787134796,0.1428993947695401,Long,Closed,220,trailing_sma
175,BAC,89.95655971544403,2024-11-06,43.32053869838774,0.0,2024-12-18,43.84824767872263,0.0,47.470884401871444,0.012181496264600418,Long,Closed,175,trailing_sma
224,TSLA,8.739136348465562,2024-11-08,299.2895846557617,0.0,2025-01-29,395.0123864593506,0.0,836.5346166187082,0.3198333878330171,Long,Closed,224,trailing_sma
194,MS,16.559120664287004,2024-11-11,126.36093623610041,0.0,2024-12-18,118.83736694335938,0.0,-124.58369174462314,-0.05954030982077829,Long,Closed,194,trailing_sma
294,HON,7.653325575868083,2024-11-12,218.72070849655742,0.0,2025-01-06,206.11098830293784,0.0,-96.50629406236885,-0.05765215502590619,Long,Closed,294,trailing_sma
182,WFC,18.89058859669463,2024-11-13,70.88993691182654,0.0,2024-12-18,68.73589520539115,0.0,-40.6911156963929,-0.030385719049441356,Long,Closed,182,trailing_sma
280,MO,21.412249847488436,2024-11-15,50.0331405951357,0.0,2024-12-18,48.60646252076809,0.0,-30.54838738029298,-0.02851466163022185,Long,Closed,280,trailing_sma
209,USB,20.44925511509885,2024-11-21,47.72759732915323,0.0,2024-12-18,46.99540621099784,0.0,-14.972762968168922,-0.015341042900312574,Long,Closed,209,trailing_sma
292,DE,1.9295781524474283,2024-11-21,404.6454661923442,0.0,2024-12-30,418.43226215906657,0.0,26.60270028963771,0.03407129726783817,Long,Closed,292,trailing_sma
232,HD,1.510870948603668,2024-11-26,413.42779237273976,0.0,2024-12-17,397.1714814757397,0.0,-24.561187865746547,-0.039320798448749625,Long,Closed,232,trailing_sma
78,IBM,2.240370194714187,2024-12-04,223.04743825464394,0.0,2024-12-18,221.8944654041919,0.0,-2.5830860094673653,-0.005169182212869533,Long,Closed,78,trailing_sma
22,GOOGL,7.401949271701811,2024-12-11,184.5494728089452,0.0,2025-02-07,190.07573582225308,0.0,40.905118486586844,0.029944615550481314,Long,Closed,22,trailing_sma
38,AVGO,4.824570391997699,2024-12-13,211.08087600144515,0.0,2025-01-27,203.98825500488283,0.0,-34.2188492616757,-0.03360143813555968,Long,Closed,38,trailing_sma
3,AAPL,5.162143337133797,2024-12-13,246.59682959301242,0.0,2025-01-10,238.58668455933562,0.0,-41.34951681507005,-0.03248275757193179,Long,Closed,3,trailing_sma
14,NVDA,27.418450264191392,2025-01-06,148.61559196877337,0.0,2025-01-10,137.40498271998055,0.0,-307.3775321193102,-0.07543360087781614,Long,Closed,14,hard_stop
169,JPM,28.099831012888153,2025-01-15,244.2415113885029,0.0,2025-03-04,248.75261847224687,0.0,126.76134673424895,0.01846986230186072,Long,Closed,169,trailing_sma
204,AXP,18.241656269688857,2025-01-15,300.98780921569863,0.0,2025-02-20,305.3402444511439,0.0,79.39562750107507,0.014460503389777385,Long,Closed,204,trailing_sma
195,MS,34.28808532138958,2025-01-16,128.10318466290963,0.0,2025-02-24,129.22575967070225,0.0,38.490947646852874,0.008763053086826523,Long,Closed,195,trailing_sma
183,WFC,46.41692372408853,2025-01-21,75.70364553709678,0.0,2025-03-04,73.8296056146371,0.0,-86.98716813670762,-0.024754949502944986,Long,Closed,183,trailing_sma
395,NFLX,28.15285475589014,2025-01-22,99.85290290451049,0.0,2025-03-06,97.2503540992737,0.0,-73.26917850894688,-0.026063827185130672,Long,Closed,395,trailing_sma
293,DE,4.955345249883029,2025-01-23,453.8362726578604,0.0,2025-03-10,489.2277448392949,0.0,175.37696356063907,0.07798290774372632,Long,Closed,293,regime_stop
146,BMY,32.288147170064306,2025-01-24,55.721138932984324,0.0,2025-02-06,54.02683514126054,0.0,-54.70593017797546,-0.03040684063837096,Long,Closed,146,trailing_sma
135,ABT,13.14608910444096,2025-01-27,124.45807978063162,0.0,2025-03-10,133.85025580083808,0.0,123.47038284622772,0.07546457439132111,Long,Closed,135,regime_stop
64,NOW,5.688067293531688,2025-01-28,230.11499999999998,0.0,2025-01-30,205.4239959716797,0.0,-140.44409245794782,-0.10729854215640135,Long,Closed,64,hard_stop
399,T,45.88013091228119,2025-01-28,22.823118927076564,0.0,2025-03-10,25.690622703552734,0.0,131.5614486561874,0.12564031172243784,Long,Closed,399,regime_stop
247,SBUX,15.365270615322595,2025-01-29,99.45256458789632,0.0,2025-03-10,102.8395884038883,0.0,52.042537513259504,0.034056676467086294,Long,Closed,247,regime_stop
79,IBM,6.006303741318995,2025-01-30,242.44287666736264,0.0,2025-03-10,255.08809633794857,0.0,75.95103021724071,0.05215752198789265,Long,Closed,79,regime_stop
311,GE,5.869111316112616,2025-01-30,198.48804750874191,0.0,2025-03-10,188.10971851978164,0.0,-60.91156811144651,-0.05228692165206176,Long,Closed,311,regime_stop
159,GILD,9.955259301209885,2025-01-31,93.61471443381306,0.0,2025-03-10,113.11872653551086,0.0,194.16749788633717,0.20834344493447568,Long,Closed,159,regime_stop
359,APD,2.3267019474387958,2025-02-03,320.43941257648856,0.0,2025-02-07,301.0598083496094,0.0,-45.09056289527291,-0.06047821668083132,Long,Closed,359,trailing_sma
303,BA,3.387247309426468,2025-02-05,176.088,0.0,2025-02-26,179.40026049041748,0.0,11.219445434286285,0.018810256748997688,Long,Closed,303,trailing_sma
176,BAC,17.907531212898324,2025-02-06,46.12853410064778,0.0,2025-02-20,44.58650383393238,0.0,-27.613955132439855,-0.03342898916646345,Long,Closed,176,trailing_sma
125,ABBV,15.8244743010132,2025-02-21,193.91505075377728,0.0,2025-03-10,203.0726827839012,0.0,144.9147127188312,0.047224967812074435,Long,Closed,125,regime_stop
323,RTX,36.4642396419293,2025-02-27,126.35131622858802,0.0,2025-03-10,124.82928785184586,0.0,-55.49960747134264,-0.012046003335561495,Long,Closed,323,regime_stop
365,ECL,13.8617922859711,2025-02-28,265.8995073065852,0.0,2025-03-10,263.48279691656796,0.0,-33.49993744176709,-0.009088811086929688,Long,Closed,365,regime_stop
141,MDT,33.07416336776519,2025-03-03,89.15342645536411,0.0,2025-03-10,90.90000971115961,0.0,57.76677993758358,0.01959075859714658,Long,Closed,141,regime_stop
147,BMY,87.56593909745133,2025-03-07,56.984313837256934,0.0,2025-03-10,57.39821840182165,0.0,36.24394189283157,0.007263482468996706,Long,Closed,147,regime_stop
236,MCD,13.133694682183844,2025-03-07,303.94402036783674,0.0,2025-03-10,312.696045890811,0.0,114.9464310694243,0.028794860028443565,Long,Closed,236,regime_stop
312,GE,48.78253033271155,2025-03-24,205.93343815498216,0.0,2025-03-26,211.06665978127396,0.0,250.4115396891102,0.024926605762919433,Long,Closed,312,regime_stop
340,CVX,50.969918620020486,2025-03-24,157.6765977314163,0.0,2025-03-26,160.08230831454424,0.0,122.61887264535198,0.015257245639113579,Long,Closed,340,regime_stop
324,RTX,48.484018878309904,2025-03-25,132.6088643736152,0.0,2025-03-26,133.64596998840062,0.0,50.28304820605808,0.007820786488778512,Long,Closed,324,regime_stop
304,BA,51.09787001030948,2025-05-12,198.25908366394043,0.0,2025-09-10,229.48520610046387,0.0,1595.5883451874815,0.15750159770461428,Long,Closed,304,trailing_sma
313,GE,37.126466237859496,2025-05-12,218.2942339951,0.0,2025-11-17,305.8707333493149,0.0,3251.405946504183,0.4011855821907815,Long,Closed,313,trailing_sma
80,IBM,25.472156914913704,2025-05-15,254.53654468007386,0.0,2025-07-24,256.48124708450456,0.0,49.535764798469245,0.007640169732307041,Long,Closed,80,trailing_sma
396,NFLX,45.16949491826861,2025-05-15,114.83138907623291,0.0,2025-07-18,124.13390114593507,0.0,420.189771659544,0.08101018497239039,Long,Closed,396,trailing_sma
325,RTX,31.037962756245467,2025-05-19,133.6911416788893,0.0,2025-09-09,152.4522688639522,0.0,582.3071668351668,0.14033186454585725,Long,Closed,325,trailing_sma
39,AVGO,13.750566136176086,2025-06-02,241.4155539590455,0.0,2025-11-13,349.99889080709414,0.0,1493.0823546157785,0.44977771758015667,Long,Closed,39,trailing_sma
7,MSFT,5.683995129664384,2025-06-09,467.2207439011582,0.0,2025-08-25,504.2797286759457,0.0,210.64308897019873,0.07931793538393798,Long,Closed,7,trailing_sma
107,LRCX,23.51887392658469,2025-06-16,90.33359134802761,0.0,2025-09-02,95.26231431628497,0.0,115.91801410950711,0.054561353032766095,Long,Closed,107,trailing_sma
170,JPM,6.2961679492429905,2025-06-23,269.9476079262243,0.0,2025-10-16,302.27984004133924,0.0,203.56916357067166,0.11977224900600429,Long,Closed,170,trailing_sma
387,DIS,11.519945528683868,2025-06-25,118.03079955667718,0.0,2025-08-01,116.74134487845812,0.0,-14.854447654790192,-0.01092473052001889,Long,Closed,387,trailing_sma
196,MS,6.317365127971877,2025-06-27,137.74941713766748,0.0,2025-11-20,163.2181377267264,0.0,160.8952073033803,0.18489167590165093,Long,Closed,196,trailing_sma
15,NVDA,6.968750597584248,2025-06-27,156.0920698836632,0.0,2025-09-02,169.88676240355147,0.0,96.13177174146222,0.08837535776269453,Long,Closed,15,trailing_sma
177,BAC,12.034116588302386,2025-07-01,46.27980367455412,0.0,2025-08-01,45.58458394843113,0.0,-8.366355238651636,-0.015022097565751643,Long,Closed,177,trailing_sma
72,ORCL,3.204759730505383,2025-07-01,217.23022938427192,0.0,2025-08-21,231.10973587523708,0.0,44.48048348153327,0.06389307109929375,Long,Closed,72,trailing_sma
205,AXP,1.3932150461577402,2025-07-02,319.79933299702407,0.0,2025-07-30,305.9671382697705,0.0,-19.27122181539346,-0.04325273163525424,Long,Closed,205,trailing_sma
55,TXN,1.6948945798616648,2025-07-08,210.30180768837133,0.0,2025-07-23,190.54578156659517,0.0,-33.484381593403896,-0.09394130435174848,Long,Closed,55,hard_stop
95,AMAT,1.4331432378757112,2025-07-15,198.96930582568487,0.0,2025-07-31,176.8041397597561,0.0,-31.765857863777995,-0.11139992660650613,Long,Closed,95,hard_stop
288,CAT,0.45439387473312615,2025-07-16,401.627266274403,0.0,2026-03-18,700.9593425598144,0.0,136.01466197523985,0.7452981941741462,Long,Closed,288,trailing_sma
44,AMD,1.4680781155819032,2025-07-16,155.38765255737303,0.0,2025-09-05,157.04143511962891,0.0,2.4278819875788145,0.010642947074866554,Long,Closed,44,trailing_sma
184,WFC,16.298968607635146,2025-07-23,81.7230668835408,0.0,2025-08-01,77.89375600207032,0.0,-62.41381784596297,-0.046857160744192626,Long,Closed,184,trailing_sma
160,GILD,22.217952217915546,2025-08-08,113.0891842248911,0.0,2025-08-28,111.41710711976386,0.0,-37.15012922638789,-0.01478547322263934,Long,Closed,160,trailing_sma
23,GOOGL,15.953094729802372,2025-08-08,196.8748175532527,0.0,2026-02-10,320.58382665172326,0.0,1973.5415410778842,0.6283638031309335,Long,Closed,23,trailing_sma
281,MO,32.15317501780867,2025-08-12,62.51600571526812,0.0,2025-10-13,63.588331690601656,0.0,34.47868476104145,0.017152822914142784,Long,Closed,281,trailing_sma
112,JNJ,9.468243062699077,2025-08-13,169.83831613670762,0.0,2026-03-20,236.71158683013917,0.0,633.1723813230808,0.3937466657382742,Long,Closed,112,regime_stop
253,GM,22.924411838512846,2025-08-19,56.11731179389572,0.0,2025-10-08,57.05208923364301,0.0,21.429223006117354,0.016657559135770394,Long,Closed,253,trailing_sma
214,PNC,6.135893373885335,2025-08-22,191.87023905101836,0.0,2025-10-02,194.05699555398394,0.0,13.4177047368471,0.011397059355224491,Long,Closed,214,trailing_sma
178,BAC,40.43444713586225,2025-08-29,49.714862003735256,0.0,2025-10-10,49.36794979866741,0.0,-14.027203216601265,-0.006978038177834674,Long,Closed,178,trailing_sma
126,ABBV,10.963372670195056,2025-09-04,209.1533877485839,0.0,2025-10-31,221.10950602884546,0.0,131.07938039543887,0.057164353917296226,Long,Closed,126,trailing_sma
242,LOW,5.638171793078587,2025-09-08,266.8284849686214,0.0,2025-09-30,250.32310463212193,0.0,-93.06016984728535,-0.061857639893433757,Long,Closed,242,trailing_sma
233,HD,4.550526846678549,2025-09-08,413.25567572413655,0.0,2025-10-01,398.92337897848716,0.0,-65.21950111564115,-0.03468142747352544,Long,Closed,233,trailing_sma
73,ORCL,6.785249972155933,2025-09-10,316.8492608931499,0.0,2025-09-12,299.6985913085938,0.0,-116.37158032106504,-0.05412879782711499,Long,Closed,73,signal_exit_other
108,LRCX,37.681054264908084,2025-09-11,107.88345168012594,0.0,2025-11-20,152.9479331631354,0.0,1698.0771721812243,0.4177144944956477,Long,Closed,108,trailing_sma
225,TSLA,8.822695357512785,2025-09-16,414.70725,0.0,2025-11-13,422.9184398803711,0.0,72.44482683720616,0.019799967037883014,Long,Closed,225,trailing_sma
4,AAPL,12.150985096955212,2025-09-19,240.8914635386211,0.0,2025-12-31,272.6683229646974,0.0,386.1201453142935,0.13191359693400517,Long,Closed,4,trailing_sma
96,AMAT,12.153823163478549,2025-09-22,192.66816994587623,0.0,2026-03-20,359.59010401916504,0.0,2028.7396688325766,0.866370060608247,Long,Closed,96,regime_stop
49,INTC,63.73001201624057,2025-09-24,29.39468916034698,0.0,2025-11-17,35.432275762557985,0.0,384.7754667080005,0.20539719162452055,Long,Closed,49,trailing_sma
326,RTX,9.362862619135612,2025-09-24,160.06419998720577,0.0,2025-10-10,160.7575573662825,0.0,6.4918098862592615,0.004331745506691323,Long,Closed,326,trailing_sma
16,NVDA,6.5820504477667665,2025-09-30,182.1510335254921,0.0,2025-11-18,183.26819043820592,0.0,7.353183157553758,0.006133135185079675,Long,Closed,16,trailing_sma
45,AMD,8.132916132306011,2025-10-06,226.56322194671628,0.0,2025-11-20,232.58364694976808,0.0,48.963611630658534,0.026572825683365806,Long,Closed,45,trailing_sma
369,NEE,18.633190439419277,2025-10-06,79.11129073675065,0.0,2025-12-08,82.53564558485411,0.0,63.806656016860416,0.04328528603455962,Long,Closed,369,trailing_sma
263,PEP,17.463708659213612,2025-10-14,146.01883554469623,0.0,2025-11-03,143.0964997579626,0.0,-51.03482078390971,-0.0200134165967862,Long,Closed,263,trailing_sma
270,WMT,19.676639206091007,2025-10-14,103.67747768311268,0.0,2025-10-30,101.73231182554828,0.0,-38.27432677530146,-0.01876170120100484,Long,Closed,270,trailing_sma
384,PLD,10.784357738645554,2025-10-17,119.44175797574287,0.0,2026-01-22,129.59206493370183,0.0,109.46454139169259,0.08498122541046631,Long,Closed,384,trailing_sma
161,GILD,17.021405693654913,2025-10-17,118.24290085506307,0.0,2025-12-09,119.53660668405809,0.0,22.020691763570312,0.010941086692221661,Long,Closed,161,trailing_sma
206,AXP,4.86791516054185,2025-10-17,330.76342860907437,0.0,2025-11-17,354.13318664893256,0.0,113.76199946042061,0.07065399623571648,Long,Closed,206,trailing_sma
254,GM,16.22438741175462,2025-10-21,63.514392956859375,0.0,2026-02-09,82.0346206495074,0.0,300.4793490394279,0.2915910367785054,Long,Closed,254,trailing_sma
327,RTX,4.756592801904447,2025-10-22,173.31432989461206,0.0,2025-12-01,173.03841803278218,0.0,-1.3124003759400011,-0.001591973739261157,Long,Closed,327,trailing_sma
179,BAC,12.651422067072444,2025-10-30,52.129203479138596,0.0,2025-11-17,51.988121196727214,0.0,-1.7848915009723214,-0.0027063962806921182,Long,Closed,179,trailing_sma
221,AMZN,5.6460294118914724,2025-10-31,250.22505610656737,0.0,2025-11-18,224.68240112304687,0.0,-144.2145812947531,-0.10207872617138009,Long,Closed,221,hard_stop
154,AMGN,5.2271469330028,2025-11-07,311.8377115419579,0.0,2026-01-05,322.5227377988402,0.0,55.85220222771659,0.03426470199530246,Long,Closed,154,trailing_sma
334,XOM,11.269830877787834,2025-11-10,115.70867780767375,0.0,2025-12-16,115.93883675049862,0.0,2.593852360646906,0.00198912430066349,Long,Closed,334,trailing_sma
81,IBM,3.278118392266291,2025-11-12,318.23554220893345,0.0,2025-11-19,288.1387890625,0.0,-98.66072003682189,-0.09457382710154298,Long,Closed,81,hard_stop
129,MRK,19.986634728583017,2025-11-13,89.91546754724752,0.0,2026-03-18,115.00246755981446,0.0,501.4047056871332,0.27900650129394683,Long,Closed,129,trailing_sma
142,MDT,57.10792778004682,2025-11-18,98.48581566986114,0.0,2025-12-24,95.86790143951262,0.0,-149.50365680110008,-0.0265816372900251,Long,Closed,142,trailing_sma
138,DHR,30.07596331702014,2025-11-21,222.07987678853252,0.0,2026-01-28,228.3986413871187,0.0,190.04293227596372,0.028452666175616637,Long,Closed,138,trailing_sma
40,AVGO,13.907888639015482,2025-11-26,384.20015581678234,0.0,2025-12-12,364.3016943359375,0.0,-276.7455863633295,-0.05179191413533434,Long,Closed,40,trailing_sma
271,WMT,38.820829332126536,2025-12-01,110.11434993265772,0.0,2026-03-18,124.01332664551052,0.0,539.5698028608595,0.12622311916069928,Long,Closed,271,trailing_sma
50,INTC,88.52501990219976,2025-12-02,40.490236221313474,0.0,2025-12-11,39.992401123046875,0.0,-44.07086198206434,-0.012295188784414818,Long,Closed,50,signal_exit_other
197,MS,17.098106304819805,2025-12-03,167.70975234028737,0.0,2026-02-05,177.911,0.0,174.4220169275609,0.06082680057277792,Long,Closed,197,trailing_sma
185,WFC,25.77335541363077,2025-12-04,89.00724419770937,0.0,2026-01-14,90.26101022534411,0.0,32.31375743576609,0.014086112191607467,Long,Closed,185,trailing_sma
207,AXP,5.646700635829815,2025-12-10,361.2345164628911,0.0,2026-01-12,359.18424103124454,0.0,-11.57729158350503,-0.005675746193144329,Long,Closed,207,trailing_sma
109,LRCX,15.455255676339002,2025-12-10,164.97488107859803,0.0,2026-03-05,218.30079866027833,0.0,824.1656904002502,0.32323658749161055,Long,Closed,109,trailing_sma
180,BAC,61.527871539161204,2025-12-12,54.49929528503451,0.0,2026-01-14,52.55645152615232,0.0,-119.5390412171646,-0.03564897029807459,Long,Closed,180,trailing_sma
328,RTX,14.966870503106401,2025-12-15,179.23456415695983,0.0,2026-03-20,201.15936450958253,0.0,328.1456476841654,0.12232462223872534,Long,Closed,328,regime_stop
226,TSLA,4.542453467721286,2025-12-16,472.4460964508056,0.0,2025-12-31,450.6896044921875,0.0,-98.82785234287508,-0.04605073916804717,Long,Closed,226,signal_exit_other
210,USB,37.55888223645005,2025-12-17,52.66859996852673,0.0,2026-02-24,54.776709777386536,0.0,79.17824805247074,0.040025932151596104,Long,Closed,210,trailing_sma
148,BMY,50.279552508638176,2025-12-24,53.25231231777048,0.0,2026-03-19,58.576414199248724,0.0,267.69346011112475,0.0999787924645964,Long,Closed,148,trailing_sma
335,XOM,26.92891380798641,2026-01-02,119.35449854150575,0.0,2026-03-20,159.27033110046386,0.0,1074.8900145542011,0.33443090161429756,Long,Closed,335,regime_stop
314,GE,8.990257927522135,2026-01-05,323.5106683751296,0.0,2026-01-22,297.94040527343753,0.0,-229.88326055881407,-0.07903993778666325,Long,Closed,314,hard_stop
298,UPS,22.346706293545626,2026-01-07,104.12073485165143,0.0,2026-03-05,109.89502194976808,0.0,129.03629783622273,0.055457609921248735,Long,Closed,298,trailing_sma
215,PNC,8.699153358837238,2026-01-08,213.9753499974161,0.0,2026-02-24,219.17035877990725,0.0,45.19217809939687,0.02427853854452808,Long,Closed,215,trailing_sma
351,SLB,34.931320390748546,2026-01-08,42.630037772780746,0.0,2026-03-06,47.38629484748841,0.0,166.14233973737782,0.11157055736283046,Long,Closed,351,trailing_sma
51,INTC,28.465297688736218,2026-01-09,41.85091683197021,0.0,2026-02-23,44.0679551525116,0.0,63.10865578154653,0.052974665511934055,Long,Closed,51,trailing_sma
243,LOW,4.994142232344108,2026-01-13,272.05477100306143,0.0,2026-02-25,266.116875,0.0,-29.654697200156534,-0.02182610501984045,Long,Closed,243,trailing_sma
347,COP,18.343290280859783,2026-01-14,95.90197973646801,0.0,2026-03-20,126.23685305023194,0.0,556.4413868274787,0.3163112315003513,Long,Closed,347,regime_stop
341,CVX,13.524365522542752,2026-01-14,162.59153247179665,0.0,2026-03-20,201.29929389953614,0.0,523.4979141081303,0.23806751089238798,Long,Closed,341,regime_stop
305,BA,5.6515849339716455,2026-01-21,249.01444438934323,0.0,2026-02-23,231.38425,0.0,-99.63854099380364,-0.07079988645870589,Long,Closed,305,trailing_sma
155,AMGN,3.2924475080469096,2026-01-22,341.95261216770933,0.0,2026-03-18,359.64009732055666,0.0,58.235116415108905,0.05172495990225854,Long,Closed,155,trailing_sma
248,SBUX,14.22135749362233,2026-01-23,96.52605820031343,0.0,2026-03-18,96.14190744018555,0.0,-5.4631452912253735,-0.003979762224731922,Long,Closed,248,trailing_sma
162,GILD,13.140308594730627,2026-01-23,130.58403187609778,0.0,2026-03-20,140.35977767944337,0.0,128.45631659960395,0.07486172438465621,Long,Closed,162,regime_stop
261,KO,33.751200415132615,2026-01-30,73.2432348032387,0.0,2026-03-19,75.962,0.0,91.76158903757823,0.03711967670550079,Long,Closed,261,trailing_sma
264,PEP,13.383726460885947,2026-01-30,147.7643527232153,0.0,2026-03-18,155.17237500000002,0.0,99.14694376863622,0.0501340285411127,Long,Closed,264,trailing_sma
295,HON,7.0149659500634405,2026-02-03,225.53354546212685,0.0,2026-03-19,228.05591316986084,0.0,17.694323583293453,0.011184002373418793,Long,Closed,295,trailing_sma
366,ECL,4.468089735800814,2026-02-04,283.27276049756307,0.0,2026-03-06,282.5510193245086,0.0,-3.2248043272293216,-0.0025478664866565434,Long,Closed,366,trailing_sma
385,PLD,13.942674280430985,2026-02-09,135.34928697399877,0.0,2026-03-12,131.7734200422921,0.0,-49.857147898950416,-0.026419547613823948,Long,Closed,385,trailing_sma
131,PFE,93.13097757749541,2026-02-10,27.193590305328364,0.0,2026-03-20,27.396294847488406,0.0,18.878072170763062,0.007454129443154868,Long,Closed,131,regime_stop
370,NEE,22.722032158667044,2026-02-10,89.1668713886972,0.0,2026-03-20,92.69362786483765,0.0,80.13507406665053,0.03955231826814438,Long,Closed,370,regime_stop
403,VZ,21.521780407577864,2026-02-12,48.19949233641397,0.0,2026-03-20,48.97845968204022,0.0,16.764764157242098,0.01616131846761711,Long,Closed,403,regime_stop
237,MCD,4.939156609322218,2026-02-12,328.16169713796285,0.0,2026-03-18,323.60810401916507,0.0,-22.490909548874242,-0.013876065240128866,Long,Closed,237,trailing_sma
282,MO,20.038657045045404,2026-02-12,64.70860843426117,0.0,2026-03-20,64.19174316189122,0.0,-10.357285931515207,-0.007987581326138918,Long,Closed,282,regime_stop
245,TGT,7.095435182533956,2026-02-17,116.95845152664184,0.0,2026-03-20,113.94300000000001,0.0,-21.395940853360116,-0.025782245637502612,Long,Closed,245,regime_stop
315,GE,2.0115989392003093,2026-02-18,330.0344201560312,0.0,2026-03-12,318.4806946411133,0.0,-23.241461989620348,-0.03500763801986348,Long,Closed,315,trailing_sma
275,CL,8.227454735562674,2026-02-23,95.0475,0.0,2026-03-12,89.12999725341797,0.0,-48.68598599507152,-0.06225837340889595,Long,Closed,275,trailing_sma
375,DUK,14.845489981598051,2026-03-02,131.0655,0.0,2026-03-20,130.36477767944336,0.0,-10.402566189705567,-0.005346352171674686,Long,Closed,375,regime_stop
381,SO,40.064402685336766,2026-03-16,98.54925,0.0,2026-03-20,96.11192366027832,0.0,-97.65002395018746,-0.024732063812983696,Long,Closed,381,regime_stop
